,macro_f1,rsd,bias_score,cc_macro_f1,cc_rsd,cc_bias_score,dc_macro_f1,dc_rsd,dc_bias_score,looc_macro_f1,looc_rsd,looc_bias_score
task050_multirc_answerability_classification,0.8108448928121059,0.20904524581175157,0.20354034042427013,0.7777777777777778,0.18888511461775215,0.2044790456473169,0.7889659330720531,0.028710954372449707,0.09125883738242202,0.8108448928121059,0.20904524581175157,0.19828413956781696
task056_multirc_answer_verification,0.5466666666666667,0.39381914381914385,0.23979977124793514,0.5386109762020398,0.2944188428059395,0.11675656962741571,0.5191510528933843,0.5547171920411358,0.3809902896493891,0.5792426367461431,0.19066220238095238,0.08681025460460412
task065_timetravel_coherence_classification,0.7999199679871949,0.015024038461538478,0.022924368480256363,0.43502824858757067,0.8148887276245765,0.35728156062114014,0.7996794871794872,0.0901442307692308,0.061582236841652205,0.7479584635547938,0.16025641025641027,0.08858868055361732
task066_timetravel_coherence_classification,0.9092650468797259,0.021407164264307065,0.04384999284486482,0.9066293183940244,0.09008848294562574,0.11142334818142532,0.8958333333333333,0.1037157287157287,0.1573420638016755,0.928796663615095,0.02007401200949588,0.008084950582994493
task069_abductive_nli_coherence_classification,0.84998499849985,0.072023992254469,0.030659415956109187,0.8298468621759585,0.09649194933084401,0.10543652422281313,0.8298468621759585,0.09649194933084401,0.07575315640425762,0.8298468621759585,0.09649194933084401,0.0926066723116821
task070_abductive_nli_coherence_classification,0.47665056360708535,0.24825550187869036,0.024235986215089045,0.4773333333333333,0.41283824318777435,0.2193847020332631,0.47147017581706396,0.45230652647532443,0.26523541242233706,0.4954175677067243,0.2549651100375738,0.11626153546990639
task073_commonsenseqa_question_answering,0.7182485376889968,0.06560881593586815,0.054311358690557116,0.7369802704759675,0.055581569168454754,0.05243487690295648,0.6931837168679273,0.06196256701815029,0.061456179432160626,0.7412509230542017,0.05954822947285532,0.10504030745782619
task083_babi_question_answering,0.9438300051203278,0.10049508102973334,0.14687649800464536,0.9090807605339256,0.04987873443042943,0.06890836334070173,0.9181508310818657,0.04463289692515139,0.02840502442948463,0.9229441946701904,0.0717872478713543,0.13249431183324561
task092_synthetic_mathematics,0.7200000000000001,0.16420361247947451,0.039081742742826775,0.7395833333333333,0.21967780588470248,0.11074769585335825,0.7200000000000001,0.16420361247947451,0.06872476633112864,0.7200000000000001,0.16420361247947451,0.025002886798751678
task104_semeval_2019_task_10_question_answering,0.2869272873773999,0.8333460475127258,0.1600841864041265,0.22544543176122125,0.41743812137765834,0.09663089884795327,0.3220584281143287,0.41422294246498026,0.057122874162851736,0.35654435966148745,0.49303479865309163,0.13072625979202784
task106_scruples_ethics_classification,0.6053333333333333,0.4375254375254375,0.13821055971594973,0.44808111924014893,0.7858187134502924,0.31268305773919547,0.66996699669967,0.025114810562571747,0.024024617340986487,0.6398559423769508,0.0713641826923077,0.0022807241976326997
task108_cad_toxic_language_detection,0.6010230179028133,0.2406973718449128,0.06457585310058114,0.50995099509951,0.5213196389666979,0.15629040300258226,0.6408295678368672,0.11933517368299984,0.016308349059814625,0.5757575757575757,0.3318281335522715,0.10881293419272894
task109_sms_spam_collection_v.1_spam_classification,0.8621323529411766,0.09213759213759214,0.17791695716163425,0.9047619047619047,0.05875440658049354,0.10453059323859976,0.9746321664129884,0.01378929950358519,0.0565729241921929,0.9386578333946755,0.035561877667140813,0.07086690312905553
task1135_x_csr_question_answering,0.6844766344766345,0.09409128130387942,0.19617081054320815,0.6332870832870834,0.14314491991755934,0.15224696920121356,0.6472426625602669,0.08718608967345166,0.15558562792299474,0.6626889182007608,0.09729454826883002,0.11285273507976824
task115_help!_need_advice_on_identifying_advice_text_categorization,0.6998799519807923,0.05175983436853002,0.11257359866644417,0.6884735202492211,0.1826180307591776,0.21919821982148566,0.33542319749216304,1.0441292356185974,0.45039259964562456,0.7000000000000001,0.0805152979066023,0.1395326110370707
task1162_coda_19_text_matching,0.3551587301587302,0.9581997863247864,0.45449840523231677,0.4025735294117647,0.7912660256410257,0.33632354515042673,0.3404363267376965,0.9999332264957266,0.4696268109940803,0.5160127690248172,0.3613328495403967,0.14507169845402215
task1163_coda_19_section_classification,0.5605383658839881,0.3208915165460129,0.13540752206145595,0.532998722087705,0.34415887011288493,0.19676076885875315,0.5858364860353845,0.22898125594330132,0.11772948231275279,0.5442502532928065,0.3563508239714838,0.1545784818549167
task1164_coda_19_section_classification,0.6428571428571428,0.3162202380952381,0.2213262288146886,0.6428571428571428,0.3162202380952381,0.22425473032324295,0.6579785352046231,0.29220461658841945,0.20071726636179232,0.7286295793758482,0.18160635964912278,0.09292272683614086
task116_com2sense_commonsense_classification,0.7291666666666666,0.25037041843764535,0.2866138228295844,0.7552019583843329,0.16427623681051365,0.24337523223387786,0.5476190476190476,0.6254114549045424,0.41021950352554315,0.7291666666666666,0.25037041843764535,0.2851330164748254
task1186_human_ratings_of_natural_language_generation_outputs_text_quality_evaluation,0.5783730158730158,0.5371957024343805,0.07294332900051867,0.38351254480286734,0.8414037950854287,0.34729325940473105,0.3881118881118881,0.8420208500400963,0.3791639221307455,0.5863970588235294,0.4309465524275805,0.010727379837620205
task1187_liar_text_categorization,0.7854997854997856,0.2465780998389694,0.1105450769913141,0.7854997854997856,0.2465780998389694,0.10018587863079781,0.766553480475382,0.22915892481109867,0.0976458187341977,0.7854997854997856,0.2465780998389694,0.10190525674287282
task1196_atomic_commonsense_classification,0.44554869756250653,0.36917120635899553,0.1582669277786059,0.46943972835314096,0.40257648953301134,0.18449165754386432,0.4583333333333333,0.3388352120236178,0.1505606009776183,0.46567194273616286,0.2732380854490013,0.02394392479904167
task1197_atomic_commonsense_classification,0.570999570999571,0.2805145046524357,0.1378057375913258,0.45238095238095233,0.5959982971477223,0.2686791299538951,0.5164835164835165,0.3855852685901947,0.164665242717615,0.5192307692307692,0.08525956801818867,0.11167533133631583
task1198_atomic_commonsense_classification,0.39673982800667434,0.7007066549287396,0.22710391921433576,0.3788819875776397,0.7821413559118476,0.3129338502400004,0.3922393641888733,0.6007426089393303,0.20438483042161137,0.42767366176635624,0.4765336147069168,0.153247972852034
task1199_atomic_commonsense_classification,0.5476190476190477,0.3792981212336051,0.274005017827905,0.54337899543379,0.4601648351648352,0.3911539771125738,0.5386109762020398,0.4147465437788019,0.3243346824900186,0.5659722222222222,0.18315018315018317,0.10189422619102662
task1200_atomic_commonsense_classification,0.3605015673981191,0.7939283424508115,0.31262913982084267,0.3605015673981191,0.7939283424508115,0.3221573203266418,0.3929091792132102,0.7139942880456955,0.22810837611832668,0.46567194273616286,0.05251872878633989,0.1153740814377966
task1201_atomic_commonsense_classification,0.6,0.4232086321638561,0.3355977002340918,0.6442154336891179,0.3003548200100649,0.2435938370845569,0.5888157894736842,0.45551463461911224,0.3657227614655508,0.6392190152801358,0.026725874758439253,0.050770421411677535
task1202_atomic_commonsense_classification,0.5238095238095238,0.4693848956144039,0.21799879396520433,0.5215311004784688,0.5095817914952555,0.23533715054602378,0.5225694444444445,0.29424127784783516,0.10417427240840046,0.5384615384615384,0.312359583134032,0.13425123440145775
task1203_atomic_commonsense_classification,0.5269631031220435,0.5176196352666941,0.37984044152774477,0.539413080668509,0.4833401892225421,0.341441425938335,0.5687468290208015,0.4199751525954734,0.30159847524238514,0.6349153667441089,0.15896453561071647,0.13785526537819137
task1204_atomic_commonsense_classification,0.5689655172413792,0.5210824600310185,0.28507261036768516,0.7198879551820728,0.20199897249077578,0.12987309069721056,0.6363636363636364,0.3953867171080286,0.23459806703020458,0.6376811594202899,0.362547288776797,0.21660621590696683
task1205_atomic_commonsense_classification,0.5601023017902813,0.3243254664159395,0.18829548222758863,0.4945054945054945,0.6177795619786788,0.31930849543778117,0.49558638083228246,0.4848222832967915,0.24954266555718646,0.537037037037037,0.08846662800898047,0.010369295006420476
task1206_atomic_commonsense_classification,0.35042735042735046,0.9730247739413433,0.35582166748001676,0.3761140819964349,0.8846111049293424,0.3081586521565969,0.39949776176438473,0.8001269323178748,0.27499279053616166,0.41333333333333333,0.7094609909787388,0.17627836567195357
task1207_atomic_commonsense_classification,0.779205138498595,0.0030967422271770233,0.0689344445784528,0.8249407887962106,0.12562326601090354,0.06238665022390996,0.7546666666666666,0.24625133320785494,0.1846623485232012,0.7699769976997699,0.09358596315118052,0.14281796913833777
task1208_atomic_commonsense_classification,0.529239460194581,0.6324276816080094,0.2156831088667369,0.39839572192513373,0.9622238061297219,0.35620722587695897,0.44317065181788406,0.8531281365005019,0.30433253504500923,0.6124031007751938,0.4684809285549634,0.16309458537579258
task1209_atomic_commonsense_classification,0.4945054945054944,0.49734600115973066,0.23135029081157596,0.5021573182874212,0.5054560052552827,0.26234741253308785,0.4944852941176471,0.5849630096920342,0.31249500061613206,0.565936337329475,0.25124932515677123,0.11676181059718443
task1210_atomic_commonsense_classification,0.8181818181818182,0.05999253874308068,0.061141554526874614,0.76,0.18602728400165364,0.10635894182726899,0.5710848415106182,0.5538778455868444,0.315131314143376,0.8181818181818182,0.05999253874308068,0.0444648826830287
task1211_atomic_commonsense_classification,0.6440513428972063,0.3250654937871031,0.19759747284148607,0.6212121212121211,0.40745620455765386,0.3163143380239375,0.6349153667441089,0.38515153700098537,0.2788744166918214,0.5889724310776943,0.1658069270449521,0.05711881045589126
task1212_atomic_commonsense_classification,0.5960257670051315,0.5221973708525294,0.2932186716542441,0.5824175824175823,0.5458359772600717,0.32350810091368065,0.494485294117647,0.7053965705109824,0.4057979837032103,0.6266666666666667,0.44622178303430815,0.2590396796898635
task1213_atomic_commonsense_classification,0.49993242330044607,0.6829088224437061,0.35621653074583065,0.49993242330044607,0.6829088224437061,0.34884007876476075,0.49993242330044607,0.6829088224437061,0.3607032409054324,0.5582120582120582,0.5990133897110641,0.2763687657677876
task1214_atomic_commonsense_classification,0.4802494802494802,0.6094997898276587,0.324042530984972,0.4243421052631579,0.7109622994303605,0.38326490059516977,0.44587106365725104,0.6771824082188073,0.3520807473771501,0.5555555555555556,0.37176386276090656,0.137434563203779
task1215_atomic_commonsense_classification,0.4857410004675081,0.6785714285714284,0.45868516492600087,0.39673982800667434,0.8867924528301887,0.49258059015970246,0.4479205005520795,0.7818181818181817,0.47943357906376366,0.539894512400404,0.5593220338983051,0.40772981965870403
task1216_atomic_commonsense_classification,0.5249681381068243,0.6473775951058389,0.27201022478218784,0.5249681381068243,0.6473775951058389,0.2986317029606209,0.47619047619047616,0.7345795461041559,0.33106268929958826,0.5824175824175823,0.5040725967806478,0.19664904851280002
task1283_human_ratings_of_natural_language_generation_outputs_text_quality_evaluation,0.6124031007751938,0.20588880713575755,0.06521052384886156,0.6124031007751938,0.20588880713575755,0.05841621450885398,0.33774834437086093,0.9803921568627451,0.39722125417233745,0.43227899432278993,0.7457885114830246,0.1638797231924825
task1284_human_ratings_of_natural_language_generation_outputs_text_quality_evaluation,0.64349376114082,0.4120716933903228,0.20893819631466942,0.41333333333333333,0.8358662613981762,0.4162107913127146,0.41333333333333333,0.8358662613981762,0.42425174224743034,0.6871966346672419,0.3214388700731083,0.09669701829107535
task1289_trec_question_understanding,0.13948170731707318,3.3671751485073687,0.48603791581965716,0.5818629068629068,0.40878154419612445,0.2198325032015463,0.6740009219175885,0.30908278837112924,0.16151888254779156,0.6543640350877192,0.40493134506042117,0.19314056006629945
task1308_multilingual_amazon_reviews_text_categorization,0.6897207486738064,0.06350366233449903,0.018845655441791398,0.6594551282051282,0.04062230952987253,0.14445726773467824,0.6897207486738064,0.06350366233449903,0.03258184304348388,0.6697027324592133,0.02478603381651172,0.11228902416722097
task1309_multilingual_amazon_reviews_summarization,0.8572011423908609,0.08332397108939069,0.054375612763594844,0.8474214220323466,0.07341100691484323,0.044455991598992384,0.8661311914323964,0.1161456308882595,0.09069781217174333,0.8481627695110842,0.049730036942313115,0.01779958487421232
task1310_multilingual_amazon_reviews_sentiment_analysis,0.6023443223443223,0.2832173526122185,0.1333803611578866,0.5621388110799875,0.3525328723214731,0.21812815070953975,0.6344866358433581,0.2584640149329507,0.06051800449784002,0.5929632186578747,0.27048750532214266,0.18546537323229545
task1311_multilingual_amazon_reviews_sentiment_analysis,0.8191681735985533,0.2525252525252525,0.23310515007007718,0.8191681735985533,0.2525252525252525,0.22721675614239975,0.8588368153585545,0.17757483510908167,0.10881125086545756,0.8422939068100359,0.2003773821535865,0.1470458049783118
task1312_multilingual_amazon_reviews_sentiment_analysis,0.9799679487179487,0.020824656393169536,0.00017140672199184026,0.9799679487179487,0.020824656393169536,0.00021034530217781122,0.9899909918927035,0.010307153164296033,0.007879386763867041,0.9799679487179487,0.020824656393169536,0.00017384846879667237
task1313_multilingual_amazon_reviews_sentiment_analysis,0.9592003263973888,0.03531073446327686,0.024984350702428104,0.9291426257718394,0.06378713322398397,0.16280589955321548,0.9592003263973888,0.03531073446327686,0.016711249808557538,0.9592003263973888,0.03531073446327686,0.023753529410159513
task1328_question_&_answer_zre_question_understanding,0.5863955166280747,0.7965314964632431,0.393242588357218,0.7514066951566951,0.45334831129940767,0.2602282734936334,0.7578509181450358,0.4303398256566971,0.23733734999586548,0.6156357832988268,0.6146330405221216,0.2976985394081123
task1336_equity_evaluation_corpus_gender_classification,1.0,0.0,0.0018580906350657012,1.0,0.0,0.007565429361472226,1.0,0.0,0.002403741609293575,1.0,0.0,0.0018523942643509927
task1338_equity_evaluation_corpus_sentiment_analysis,0.8973727422003284,0.18504816320180312,0.14637179527810348,0.9197126436781609,0.10244785362689944,0.03355891012752167,0.9289473684210526,0.12535520733025374,0.06682030360028093,0.9082007343941249,0.16471320021259397,0.10742360304293067
task133_winowhy_coreference_resolution,0.7291666666666667,0.19149584366975667,0.01646941118885295,0.6033177064551029,0.5353666450356911,0.32245981482891395,0.5180111618467783,0.6661991584852734,0.42232625444680627,0.7175436761167486,0.20900888977124835,0.0504907977468399
task1344_rte_textual_entailment,0.7874278773155179,0.17952775073028238,0.1252263563039309,0.44147644487615345,0.819088319088319,0.37616579883638757,0.34539853677319987,1.000784929356358,0.4161852875626073,0.7874278773155179,0.17952775073028238,0.09646079427027118
task1346_cola_grammar_error_detection,0.7159090909090908,0.2069978632478633,0.2072669795408643,0.7050147492625369,0.22345612134344528,0.22643425342142198,0.32432432432432434,1.0416666666666667,0.4448912197334849,0.7159090909090908,0.2069978632478633,0.19087291649600982
task1347_sts_b_text_matching,0.4730630283877589,0.5795379513393392,0.11757369823405595,0.5496831996831998,0.38968664254305324,0.06841464871123694,0.37078088014297733,0.64110560789054,0.1951656859388603,0.4893669329398412,0.48865172604746326,0.06901015702450546
task1354_sentence_compression_text_matching,0.9899749373433584,0.009529254812273678,0.038879272114185515,1.0,0.0,0.011100329027090378,0.9391233766233766,0.06790402897238568,0.159260223188803,0.9899749373433584,0.009529254812273678,0.038168702270292204
task1361_movie_rationales_sentiment_analysis,0.8563218390804597,0.14628056052474658,0.11452068382293693,0.9499549594635173,0.008434547908232148,0.03259944432434059,0.9499549594635173,0.008434547908232148,0.03778199067715829,0.9296553110240178,0.03532533774469258,0.08704351191573323
task1384_deal_or_no_dialog_dialogue_state_tracking,0.7807017543859649,0.22203325774754348,0.1385786806027289,0.7741389045736872,0.2515589569160998,0.16594438314669002,0.7741389045736872,0.2515589569160998,0.17682903926217935,0.8133333333333335,0.17534145441122181,0.11798298765329898
task1391_winogrande_coreference_resolution,0.8299829982998299,0.10952902519167577,0.04326666907051768,0.8782467532467533,0.01660271546635185,0.0920699551907889,0.8891017239641092,0.019152196118488236,0.010494079627757613,0.8891017239641092,0.019152196118488236,0.004080738916774934
task1393_copa_cause_effect_classification,0.8897243107769424,0.03619425298209171,0.0019139987208384168,0.9099189270343309,0.012972221855775248,0.020233820214111214,0.9199679871948779,0.0017398263653286995,0.023251920057431957,0.8897243107769424,0.03619425298209171,0.0016806105577311936
task1408_dart_text_matching,0.8455359901143034,0.14050582095543956,0.03986072720814823,0.8205046985534791,0.21789284798769545,0.2061438529278518,0.8205046985534791,0.21789284798769545,0.2099013325469144,0.8553121124431584,0.14984175590264484,0.028642525225308912
task1418_bless_word_relation_classification,0.6328208580894737,0.296214929963674,0.32189847191210763,0.7072308704492613,0.3090445108904076,0.33188872914674306,0.7559292735465549,0.19239275372347095,0.20751657122597478,0.7457902670111972,0.18298919647150513,0.28634887070350795
task1429_evalution_word_relation_classification,0.4759511240554992,0.5513489894234798,0.22582906371055866,0.48900454567121227,0.5845084502395438,0.24635032685871883,0.436002886002886,0.4535977709133284,0.21150517975467728,0.36302032721470057,0.8763185306995074,0.32221734174282124
task1431_head_qa_question_answering,0.6756414985382544,0.0915022687508388,0.11208829007505965,0.6947608333695289,0.07782110831765812,0.07294477824257146,0.683937571115207,0.08628304021752256,0.09801238417714303,0.63875,0.2414772727272727,0.15241734740462864
task1434_head_qa_text_categorization,0.32444116320085314,0.7635823690882872,0.37546256358021696,0.4966859864513182,0.5460029236226741,0.2495274173873851,0.5896849457397124,0.3281801238911355,0.10722343482607288,0.5473544973544974,0.3271677638598279,0.19889125346425715
task1439_doqa_answerability_classification,0.6874684948079444,0.09057971014492755,0.01888603504517472,0.6683750376846548,0.06458094144661311,0.040809271505706346,0.6052232007288186,0.22068095838587642,0.18034642937904932,0.6683750376846548,0.06458094144661311,0.040387199019255665
task1442_doqa_answerability_classification,0.6212121212121212,0.3059807407633494,0.015573782632017502,0.6263736263736264,0.12063035778450801,0.1588590234969991,0.6018474279343845,0.38584603801995104,0.1257474598228556,0.5924495924495925,0.17030655179322787,0.19427624252838166
task1488_news_headlines_dataset_for_sarcasm_detection_text_categorization,0.32432432432432434,1.0416666666666667,0.39314211791879566,0.595959595959596,0.12686965811965814,0.19956619432631417,0.5741893219783819,0.5162358133669609,0.25207957489447164,0.66996699669967,0.05501339456563342,0.07106673637283967
task1495_ade_corpus_v2_text_categorization,0.5703301673450928,0.56861454259123,0.23562012021799753,0.7767857142857142,0.1739157201342075,0.05199031328280401,0.7987117552334944,0.12004801920768304,0.011800845089287026,0.7519636213311286,0.25694488321644443,0.10887145110006258
task1500_dstc3_dialogue_state_tracking,0.8088791322968538,0.2167522824227413,0.13099598208473368,0.7120068366329583,0.40805189279111603,0.16290825156895997,0.7529468487677443,0.36374021120654976,0.1107457377113236,0.8025798525798525,0.2548535194330882,0.05584462746605133
task1501_dstc3_dialogue_state_tracking,0.862738887129131,0.039156246052797765,0.06519248111688636,0.8236331569664902,0.07811465642790943,0.0021762533391102845,0.8914930555555556,0.012210012210012227,0.1170796035606661,0.7564935064935066,0.15615962984384033,0.08970306859325028
task1502_hatexplain_toxic_language_detection,0.17647058823529413,1.3094570021973102,0.5760654427411729,0.32938076416337286,0.9702288631491562,0.4042249060106091,0.556786965994127,0.05546698661869982,0.038603830869645805,0.6005534015734061,0.28675995865534176,0.09962562535862216
task1503_hatexplain_toxic_language_detection,0.17030501089324618,1.484370938302809,0.6333650017270618,0.6691652450546973,0.38028172449062675,0.21533767885237826,0.6499941888177182,0.39707427243147536,0.17480913334291293,0.6831171109592161,0.31192030590578984,0.23046807945695943
task1505_root09_word_relation_classification,0.732473544973545,0.30154033897319776,0.2270312351646046,0.6062451944954416,0.36272320410271053,0.21091900638531702,0.7293622284503742,0.07211813069191979,0.12085083789700843,0.6287316149701471,0.43609926093811,0.1550773208390178
task1516_imppres_textual_entailment,0.8018692768043838,0.16376519332161785,0.22259030873900626,0.8519644561944628,0.14233936845584935,0.1889489445407216,0.7587878787878788,0.28560063106439243,0.2087112808893754,0.9008550788736547,0.037798900518243174,0.046380776705290394
task1517_limit_information_extraction,0.7546666666666666,0.18836732423023736,0.03433477476195354,0.7395833333333333,0.23298760978333222,0.09281650148592452,0.6190476190476191,0.4571963424292605,0.21841858117319746,0.7453310696095077,0.1793038287272649,0.023480990456439865
task1529_scitailv1.1_textual_entailment,0.6296711929076423,0.4925373134328358,0.28989863350778283,0.7916666666666665,0.25,0.20010701622845328,0.4900437105390967,0.7241379310344828,0.3562499181532992,0.7916666666666665,0.25,0.20770538962545057
task1531_dailydialog_dialogue_act_recognition,0.342434988179669,0.9497245986692557,0.3914810026725538,0.5319761406480974,0.2704453628378722,0.11230267825067043,0.5614637478341996,0.1540734869295572,0.09133503495486035,0.42963335568969374,0.3432670038938039,0.24788179633603372
task1533_dailydialog_dialogue_act_recognition,0.46875000000000006,0.5817099567099567,0.18489570858138749,0.5422642660970399,0.25252525252525254,0.1548883696588649,0.29166666666666663,1.320684523809524,0.38281332322022693,0.537620849096259,0.05846088435374148,0.09211512897268345
task1534_dailydialog_dialogue_act_recognition,0.6799999999999999,0.020008003201280534,0.02846366073511869,0.5384615384615385,0.5374563618550868,0.2633604249634909,0.4692770373864843,0.7293826621557713,0.3315279599006371,0.6691729323308271,0.09466473156426757,0.04828478327800517
task1535_dailydialog_sentiment_analysis,0.5248653785239151,0.3983411546436756,0.1358072288503103,0.5166036149642708,0.3875624323803596,0.10691424362170954,0.5998399359743898,0.013338668800853642,0.05706223837136126,0.6072757337742869,0.31044675934890087,0.13164505628847273
task1536_dailydialog_sentiment_analysis,0.5932348533504603,0.4840786134738315,0.2078772953915699,0.2694805194805195,1.5198484457073966,0.12771155153653432,0.65625,0.285157880094589,0.06590169721321654,0.2694805194805195,1.5198484457073966,0.12744291785150152
task1541_ag_news_text_categorization,0.7138811712618287,0.37080250058248904,0.18931758888148223,0.6871051653660349,0.4367268436965733,0.25225150889061543,0.7461336724973406,0.3136714005941999,0.18760220223036145,0.7461336724973406,0.3136714005941999,0.1427939999639203
task1548_wiqa_sentence_ordering,0.5896306676008407,0.44193516240063174,0.13375764444627597,0.60996099609961,0.4029776601344989,0.11302849237746909,0.2647058823529412,1.4486391571553994,0.3820206796246304,0.7253585596582239,0.18308209884574636,0.06305385568529864
task1554_scitail_textual_entailment,0.7057587221521648,0.34610933048433046,0.22211535222301412,0.6527777777777777,0.4524886877828053,0.28789153390784,0.36580416032470825,0.9615384615384616,0.42888937609400396,0.8090644156366195,0.12662234884457102,0.06719007473272029
task1559_blimp_linguistic_probing,0.52,0.49533799533799533,0.2261582241275324,0.6124031007751938,0.18610421836228286,0.09383139767098239,0.3647790241924585,0.9237421383647799,0.4047459044469766,0.5331069609507639,0.4693223443223443,0.20463948632879134
task1560_blimp_linguistic_probing,0.9099189270343309,0.03296703296703293,0.10479218082230679,0.9299929992999301,0.01075268817204296,0.06806783014923423,0.4357366771159875,0.8181818181818181,0.3333986007738501,0.9299929992999301,0.01075268817204296,0.0631179393604343
task156_codah_text_completion,0.8481249899486981,0.09690491454431716,0.06411062071136349,0.819073756432247,0.08796333836399998,0.08974215120115697,0.8489534275248561,0.10405497701455883,0.034801485302243654,0.8377739984882842,0.10167284139759171,0.05772389291737198
task1583_bless_word_relation_classification,0.8594941790445604,0.04978735680318639,0.06029452337797972,0.8181818181818182,0.10199201631872261,0.11339787379988514,0.8173701298701299,0.1263920202227232,0.13403577710001074,0.8389694041867954,0.0752682025191029,0.07107051396757041
task1584_evalution_word_relation_classification,0.9058478920389162,0.09258387471361765,0.0334615351341761,0.8949138293400587,0.10653248107348473,0.11375150940340939,0.9058478920389162,0.09258387471361765,0.08543759694583142,0.9058478920389162,0.09258387471361765,0.03508159643768857
task1587_scifact_text_matching,0.8999599839935974,0.07856341189674525,0.0016809851533172993,0.8800000000000001,0.10101010101010097,0.03429586169711832,0.6515679442508711,0.4477611940298507,0.23692478664687863,0.9298245614035088,0.046703595090691864,0.02071849333808279
task1589_scifact_text_quality_evaluation,0.31972789115646255,1.0638297872340425,0.46793923406104676,0.4171928120446819,0.8708272859216255,0.25599471134999763,0.31972789115646255,1.0638297872340425,0.4991623161601181,0.5882166613873931,0.4386282419990654,0.05682375059123479
task1592_yahoo_answers_topics_text_categorization,0.5036169709263015,0.6299515109059839,0.15522878994207687,0.45831409543367274,0.7096886628985578,0.2406542741126726,0.5124355816597196,0.6055399820231947,0.1395244684988618,0.5377422432574562,0.6020912371705929,0.16754950393358978
task1593_yahoo_answers_topics_text_categorization,0.43015725451019565,0.4585603263232171,0.08645236610114077,0.4269221117047205,0.48784172784430285,0.24921023001231282,0.45870273044186083,0.42315320804745976,0.15795140061634272,0.4460358160358161,0.41817980152715983,0.14538443078041313
task1599_smcalflow_speaker_identification,0.7960372960372959,0.22240487356766428,0.08857799852280673,0.9007936507936508,0.0022597848684805205,0.053782688833395986,0.8470310109859547,0.150085262444813,0.0025959941678449505,0.7960372960372959,0.22240487356766428,0.05106959159959462
task1604_ethos_toxic_language_detection,0.7882851093860268,0.09396163528702621,0.15668792262581085,0.7312939231087227,0.2633485826763138,0.08225233710870244,0.7882851093860268,0.09396163528702621,0.14138889085986506,0.7996794871794871,0.03001200480192076,0.10723689419814963
task1612_sick_textual_entailment,0.6994949494949495,0.4480820615535915,0.13095117752802515,0.6849005216267369,0.4475274756422513,0.2676755416343498,0.6760381593714927,0.4796636431976292,0.21741580188928417,0.8512873435474054,0.19365382416613133,0.045631672404418455
task1615_sick_textual_entailment,0.7543376710043376,0.2555546025847752,0.1007477802907402,0.48136505239308974,0.703644980453467,0.3311396713242797,0.5420658555262486,0.6368578769215331,0.22021632288177928,0.7776146446505233,0.17330621875997756,0.04464931084464735
task1623_disfl_qa_text_quality_evaluation,0.392682565545845,0.8272800645682001,0.41394661775076824,0.8474214220323467,0.007244277021153248,0.01908805655010598,0.3688639551192146,1.0119940029985006,0.43806801472105006,0.6904761904761905,0.3905383215728043,0.24447435533790765
task1624_disfl_qa_answerability_classification,0.6124031007751938,0.06753535674559034,0.08037637476103576,0.4429590017825311,0.8210180623973727,0.31499643938942534,0.29577464788732394,1.1904761904761905,0.41239065243238193,0.5894909688013137,0.10946907498631633,0.06065080712587623
task1630_open_pi_text_categorization,0.41404795339886624,0.84417862637351,0.3428330325812988,0.6377464788732394,0.38699564042856355,0.15060536058293328,0.6171631811068431,0.3780476653757304,0.1189974751539386,0.6879687487490844,0.2793904624177302,0.12911140885285244
task1640_adversarial_qa_answerability_classification,0.6621621621621623,0.4168260925017681,0.13235398281105276,0.6446900908014213,0.4410477013216739,0.17218998492265558,0.6446900908014213,0.4410477013216739,0.17023845677713068,0.7178819444444444,0.1269609377717486,0.01720376861553069
task1645_medical_question_pair_dataset_text_matching,0.35064935064935066,0.9259259259259258,0.45711045650000254,0.8698828946051447,0.11522016769393081,0.03464487056167781,0.50997150997151,0.6985055230669266,0.42429759979741943,0.8891017239641092,0.021259657312417482,0.05529665048097923
task1661_boolq_question_answering,0.8799519807923168,0.057641633728590255,0.042419277104995545,0.86998699869987,0.06894700797749279,0.06542914330157934,0.7660461804495982,0.25043394608612,0.24406445508654223,0.8996386993175431,0.01341921631776704,0.011718394705657637
task1712_poki_text_categorization,0.5765104460756635,0.48782063707436846,0.2894347799367991,0.551203590371277,0.10176390773405701,0.11874537310130262,0.5523528769516324,0.1713313248855875,0.013746187479600547,0.5783475783475783,0.24373084074576612,0.035994920568395594
task1720_civil_comments_toxic_language_detection,0.5998399359743898,0.006677350427350404,0.01933122405194343,0.4224104736234116,0.8158508158508158,0.45002339486498155,0.6096486838154339,0.00919503993274491,0.009125969938669931,0.6550324675324676,0.14204545454545453,0.086473594505597
task1721_civil_comments_toxic_language_detection,0.7899789978997901,0.052742616033755296,0.03686420580861283,0.34539853677319987,1.000784929356358,0.4458785894173591,0.7181964573268922,0.07122507122507128,0.03207969907633601,0.7469379491851402,0.18696581196581197,0.14058108594088758
task1722_civil_comments_toxic_language_detection,0.5746446726838884,0.30215476020916837,0.12237931986455064,0.3762993762993762,0.9034382983962815,0.39805938854291956,0.537037037037037,0.1281994279193158,0.03907417061440133,0.5543293718166384,0.3939506837217646,0.20961526307484435
task1723_civil_comments_toxic_language_detection,0.66,0.020008003201280464,0.09974400810895406,0.4590695997115038,0.7657608497944631,0.354273657527248,0.6691729323308271,0.05464872516170648,0.13299893599778126,0.6956168831168831,0.19150517349797067,0.02081857213112409
task1724_civil_comments_toxic_language_detection,0.6884735202492211,0.0014639145073927777,0.06232608090514413,0.48677457560205284,0.7103825136612022,0.3537589965627832,0.6186270574066639,0.1987618116650375,0.18467226711319107,0.6594551282051282,0.03979185797367616,0.07479158588464574
task1725_civil_comments_toxic_language_detection,0.7286704853783539,0.055979978925184436,0.0033973698269641472,0.34210526315789475,0.9615384615384615,0.4599265254848425,0.7395833333333333,0.014076576576576601,0.06542229851009365,0.7286704853783539,0.055979978925184436,0.00427332418479498
task190_snli_textual_entailment,0.5244669427826354,0.5961145986721434,0.36050396254232786,0.6727442730247779,0.2314814814814815,0.11764365356029588,0.3902439024390244,0.7575757575757576,0.44536320400345764,0.5841995841995842,0.429904582153717,0.18006860062612443
task195_sentiment140_sentiment_analysis,0.7596153846153846,0.05263157894736847,0.08422819477759697,0.7497747973175859,0.040000000000000036,0.141734903768246,0.78997899789979,0.012658227848101276,0.10480229933272645,0.7596153846153846,0.05263157894736847,0.08348296384983966
task196_sentiment140_sentiment_analysis,0.7699769976997699,0.09358596315118052,0.09786698896638943,0.7699769976997699,0.09358596315118052,0.10721586940416872,0.7699769976997699,0.09358596315118052,0.1036166129006868,0.7497747973175858,0.1207729468599034,0.11956922748720222
task197_multinli_text_categorization,0.20821233411397344,0.9819499747713533,0.5163155850527946,0.45837989054970185,0.3596035605382272,0.1633275598857795,0.35326764308962455,0.7291465911218676,0.2857541534132497,0.42966313500197273,0.4696132802496068,0.19250118744751377
task198_multinli_text_categorization,0.16430205949656754,1.2451722914129273,0.1542759643051394,0.1353270326520864,1.134216152676259,0.1670171127256075,0.20635687838312938,0.5697660579389751,0.06614489690575556,0.19048394810323815,1.009744098560167,0.09595223382600147
task199_multinli_textual_entailment,0.6196785670469881,0.22716816195077066,0.17268665403504818,0.6021049929405724,0.29905682079595125,0.22044749767648325,0.4918125352907961,0.5006820436507936,0.2812845384351546,0.6021049929405724,0.29905682079595125,0.22440064503844456
task200_multinli_textual_entailment,0.9494505494505495,0.014103115134978349,0.03758032556357471,0.9505999688327879,0.03727353445608762,0.02853334600300428,0.9702598120508569,0.023442729458271895,0.032166722647228474,0.9494505494505495,0.014103115134978349,0.0338806574596246
task201_multinli_textual_entailment,0.12402085209749174,0.9058830182572094,0.04511220516785089,0.19680851063829788,0.6770872666987283,0.15773108497550317,0.13921320688443975,0.5213432151560277,0.08125088900174982,0.15686220559101918,1.1122987924901924,0.11918730752405159
task202_multinli_textual_entailment,0.603621877455549,0.2404120433894232,0.1750541939636845,0.6039330261307277,0.31069401370399724,0.3011247336934335,0.6030125235889517,0.2404120433894232,0.15835342810666653,0.6085513008300203,0.21311306409535943,0.1282859488577055
task204_multinli_text_categorization,0.6408295678368672,0.14112661978869723,0.028679177912305204,0.6527777777777778,0.00999914293060599,0.08923839337830569,0.6745595331612614,0.05438165662259134,0.04410692215136358,0.6754417598269022,0.1719813448475454,0.06319655454010026
task209_starcon_stance_detection,0.4629904559915164,0.59169678675799,0.453175045268584,0.590193630510881,0.33732357628063364,0.17936298616419277,0.7511396457528621,0.3088320962871561,0.2730253676546428,0.6472009093492469,0.3323822001610676,0.2584763481385411
task211_logic2text_text_to_code,0.7479584635547938,0.22222222222222224,0.20529222572893888,0.6266666666666667,0.4895104895104895,0.3054808877847909,0.5464100011063171,0.6317411402157166,0.3695784137928114,0.6338529134846742,0.42735042735042733,0.28285491740468915
task212_logic2text_text_to_code,0.4728354289754077,0.794170594878524,0.3534757977551758,0.7719675825515647,0.38778694553259235,0.19632068767651537,0.8210269634532379,0.3164831876581875,0.08589416340243954,0.5955026455026455,0.5958159524265756,0.3031297752270802
task213_rocstories_text_completion,1.0,0.0,0.01132816555130689,1.0,0.0,0.003158543244137918,1.0,0.0,0.05712528922457061,1.0,0.0,0.01119610908069979
task214_rocstories_text_completion,0.7970779220779222,0.13005202080832334,0.06875305643222573,0.6703296703296704,0.40873492254044475,0.24120195728206356,0.712,0.32259479134119406,0.17900564361254317,0.797979797979798,0.10504201680672266,0.06110385276532293
task220_rocstories_title_generation,0.9797979797979798,0.018221574344023318,0.0015991121415604437,0.9697550156265753,0.027614138438880723,0.015305445319137995,0.9696325539022169,0.00669433659124381,0.003969628616466964,0.9696325539022169,0.00669433659124381,0.0032500307154946784
task221_rocstories_text_completion,0.4792397660818713,0.6282293494849515,0.4095713107696956,0.5941778793263942,0.43003443468534847,0.25262786152707006,0.7153039832285115,0.16465540333827564,0.16122975954487698,0.6260312635692574,0.35707385809234143,0.3128963408780905
task224_scruples_ethics_classification,0.6183708382681932,0.2919087329660357,0.06268204844651881,0.5847828526540231,0.0809354690633229,0.032274668357474,0.45553539019963707,0.6501810498808058,0.30762020332369944,0.5847828526540231,0.0809354690633229,0.03549357345495019
task226_curated_from_stack_overflow___english._answerability_classification,0.36580416032470825,0.9615384615384616,0.3518782435476595,0.45545128026879855,0.7392960812772134,0.19293810621819807,0.32432432432432434,1.0416666666666667,0.4566905201593622,0.4109868974636374,0.8452740070387129,0.24010181231057626
task227_clariq_question_understanding,0.8792270531400965,0.010979358805445748,0.08299841387360926,0.8886526976414617,0.043876314027755166,0.11919728819987108,0.907928388746803,0.08538160712073757,0.15534028439000655,0.8693598633303186,0.00046273159716438286,0.06454939823068015
task228_arc_question_answering,0.9407592824363789,0.043889681061974925,0.017992665723929102,0.950359584095504,0.042164304149628865,0.04044305029695047,0.950359584095504,0.042164304149628865,0.04979109850442606,0.9027111397918851,0.06582728450739882,0.10407789753285497
task229_arc_question_answering,0.8589020908169844,0.060736193614110805,0.0434157173740809,0.8309750614193668,0.08846136580702103,0.09374163410187134,0.8479861338127929,0.05691626887092176,0.05573540399273408,0.8493824896062607,0.08097662217727235,0.050491441628041075
task230_iirc_question_answering,0.8366444588152137,0.19324641414698368,0.05674450750763027,0.6749324128779056,0.39981660659196344,0.21326438156197877,0.7965466300255746,0.28641312238409405,0.0988978427547429,0.8809925284181759,0.11490250415561937,0.004626511292884161
task231_iirc_question_answering,0.7373951402054446,0.18872924207404565,0.15938963116511973,0.7085086102999119,0.1621057063814966,0.16021307463226273,0.7561054694830786,0.11016071717337891,0.14217357542195624,0.6596969696969697,0.2883259750871762,0.16496969583346086
task232_iirc_answerability_classification,0.48686371100164205,0.04340277777777779,0.02815807848744753,0.39050021017234127,0.8721891534391534,0.19017610793399053,0.48872180451127817,0.19309807256235834,0.014460263438755283,0.48872180451127817,0.19309807256235834,0.00036405475534778686
task233_iirc_answerability_classification,0.45725915875169604,0.30219780219780223,0.006183817546475512,0.42133420679113437,0.25835866261398177,0.026268812657845975,0.3208828522920204,1.2698412698412698,0.3673686342170327,0.4456893501592169,0.3998203054806828,0.03204239631467273
task241_tweetqa_answer_verification,0.9597423510466989,0.003354804079441718,0.017112283550450913,0.919967987194878,0.058636140866764705,0.08749188643233025,0.8899009108197378,0.11444028297960883,0.12962842117643938,0.9597423510466989,0.003354804079441718,0.019358589957956557
task242_tweetqa_answerability_classification,0.9491404740107823,0.0032210268633640834,0.005490306096921471,0.9491404740107823,0.0032210268633640834,0.02082162240053051,0.9066293183940243,0.07016647163525985,0.12470678903438134,0.9491404740107823,0.0032210268633640834,0.0048579391099195235
task248_dream_question_understanding,0.09770992366412215,1.2500000000000002,0.6502224597518533,0.25490544543176125,0.9351585529734789,0.2124956189026989,0.22982814812689348,1.5976215000184646,0.17851504234716575,0.2904069264069264,0.7242958781653457,0.1512297843572349
task268_casehold_text_completion,0.5429523809523809,0.3905077466475615,0.0965423217938961,0.5700006146659291,0.4062731937055821,0.11007653179221404,0.6118481103433224,0.2977289322438631,0.05614413276889188,0.5218938222059155,0.3695176256180058,0.15580690689703358
task274_overruling_text_categorization,0.8881090428237208,0.1261178628754873,0.16027147495030714,0.90999099909991,0.03100141155363248,0.07915746921999553,0.9299369432489242,0.05227897610657166,0.14533481774412765,0.9397832195905259,0.043847326164508336,0.03286849831580682
task276_wsc; enhanced_wsc_text_matching,0.6015030433635085,0.5185131099131883,0.21023275471815073,0.5638886512078948,0.5760401601264564,0.18819821945938606,0.6839855542372705,0.4052955252151097,0.14610758441086896,0.6836491933582383,0.4237006797327495,0.14712772820780673
task279_stereoset_stereotype_detection,0.3581739294472741,0.985032580529474,0.29654485671140685,0.5282603715121119,0.4538218949360425,0.22147895856078553,0.5290737887348057,0.4538218949360425,0.2241640183437601,0.4487975792323618,0.6717448314654678,0.2391281250474114
task280_stereoset_text_categorization,0.5290467970847718,0.5296519517684226,0.34614806000893217,0.7161210738539898,0.1400754773356209,0.28584578849239545,0.6961160904822876,0.20191500349312785,0.3233629135218372,0.6723545195371456,0.19902001471391262,0.1918362195965114
task284_imdb_sentiment_analysis,0.9294283697953423,0.016882239883642423,0.0004623899802006226,0.8699869986998701,0.0920835878357118,0.11598020982512997,0.9396135265700483,0.0051392743344639375,0.012943896212056383,0.9291426257718394,0.038526137170363434,0.005692511831258545
task285_imdb_sentiment_analysis,0.86998699869987,0.04868099872183536,0.11341953209014785,0.8600000000000001,0.06021678040947408,0.11774658032468957,0.8798076923076923,0.014598007371993682,0.031597835905642246,0.839935974389756,0.08411232819101142,0.1491233120202775
task286_olid_toxic_language_detection,0.34210526315789475,0.9615384615384615,0.4948992919597246,0.568922305764411,0.047795771479982034,0.11009625167597037,0.4875222816399287,0.6336063627730294,0.15715365868073872,0.5941558441558442,0.24038461538461536,0.029518455431160162
task290_tellmewhy_answerability_classification,0.537620849096259,0.008503401360544187,0.020044491869126907,0.4528270601890234,0.6432125088841507,0.3090278481630777,0.4117647058823529,0.7142857142857143,0.49058197709468176,0.5623386825272135,0.16783762685402026,0.0571740109463518
task291_semeval_2020_task4_commonsense_classification,0.8689384010484927,0.1234976749320418,0.18457905022767787,0.90999099909991,0.009014594848928584,0.02623893808898603,0.8897243107769424,0.03619425298209171,0.07375203462419719,0.92,0.020008003201280527,0.06085641144202941
task296_roc_stories_text_completion,0.9198717948717948,0.08361204013377926,0.02885467319676774,0.9198717948717948,0.08361204013377926,0.030633168675959,0.8996386993175431,0.10683760683760682,0.034289896106985074,0.9198717948717948,0.08361204013377926,0.027949046834143593
task297_roc_stories_text_completion,0.9299929992999301,0.05083402260821615,0.08145406694757068,0.919967987194878,0.06183807134894087,0.11653404508566911,0.9298245614035088,0.01378549765646541,0.04785853640038734,0.9299929992999301,0.05083402260821615,0.08156045622252486
task298_roc_stories_coherence_classification,0.9296553110240178,0.03532533774469258,0.02534155726023593,0.9296553110240178,0.03532533774469258,0.033630565398355766,0.8443821973233738,0.18382352941176472,0.09422051074100235,0.9296553110240178,0.03532533774469258,0.01950094880117187
task309_race_question_answering,0.7548669041566717,0.12839427474859327,0.05897244624728748,0.7306149732620321,0.11091132006960104,0.13832304769040715,0.7412820512820513,0.08820345075484722,0.06957326261733202,0.7386819166748744,0.20740461383486414,0.182052818927485
task310_race_question_answering,0.7149192271143491,0.3150684931506849,0.28252749900812746,0.794745484400657,0.19999999999999996,0.1978390090158987,0.8197115384615385,0.04878048780487803,0.030363236219451084,0.8181818181818181,0.12195121951219517,0.06213018087363764
task316_crows_pairs_stereotype_detection,0.60996099609961,0.11756913396257662,0.034329512692846925,0.5798319327731093,0.06617903169627312,0.06002045443741741,0.524596940884663,0.4377104377104377,0.10640547771514985,0.5784825371336813,0.003483106931382816,0.0781984295741931
task317_crows_pairs_stereotype_detection,0.43009994121105233,0.6726151206739621,0.41974928045757864,0.6921173122322548,0.334040316042222,0.2050240680074263,0.6779094213576973,0.2934991749974255,0.14597606808727773,0.6514991181657848,0.39518188557968614,0.22719292129863156
task318_stereoset_stereotype_detection,0.47685865913627734,0.6435352392282594,0.23852797723208355,0.5692382090231553,0.23533574010790254,0.09823561936745655,0.522929902998928,0.2823595555852239,0.19618515937839676,0.687292609351433,0.13614990281315256,0.10938857935744994
task319_stereoset_stereotype_detection,0.540165795694911,0.4432164332782209,0.19636719550057813,0.5988896514908869,0.5569512468584839,0.14077606146821076,0.6104798034855158,0.5349304707698186,0.1955246828170309,0.7626027243048519,0.2593717270822247,0.03389695719768834
task320_stereoset_stereotype_detection,0.4096703660877991,0.7961864827065996,0.3348253487042552,0.5738311253847183,0.4818338616873661,0.25391965051142384,0.7624357503929314,0.1518141369557236,0.12923529387472943,0.7188835639999812,0.25611564809640797,0.053014411087107555
task322_jigsaw_toxic_language_detection,0.7488808821923789,0.2985339941861681,0.29007466464037357,0.86998699869987,0.06894700797749279,0.10192433966870262,0.9088976617066504,0.04114243244678027,0.08167263494266994,0.8874680306905371,0.08910962745843054,0.19944755980256273
task323_jigsaw_toxic_language_detection,0.648,0.45605306799336653,0.2671157021077513,0.8492613807657521,0.16339869281045752,0.12201180667908618,0.797077922077922,0.23148148148148145,0.20147896596814244,0.8492613807657521,0.16339869281045752,0.14904430246910344
task325_jigsaw_toxic_language_detection,0.39180970401405596,0.8704061895551257,0.2907094403278334,0.7479584635547938,0.1806503412284223,0.09885605240411188,0.7898108297467722,0.022104894074363845,0.06174434780342042,0.7851662404092072,0.1303426512660769,0.12694737748590992
task326_jigsaw_toxic_language_detection,0.539894512400404,0.5795538554404813,0.3581440328746118,0.5784825371336813,0.08348166852948073,0.05172463096585239,0.625,0.33263305322128844,0.26556939137550173,0.6009060511271708,0.44875092894300583,0.31644750724876447
task327_jigsaw_toxic_language_detection,0.33504933504933504,1.19969040247678,0.35089466629494903,0.8957247132429614,0.05353102779573367,0.08644388227991628,0.8108448928121059,0.10536226685796274,0.146694141618088,0.8697916666666667,0.0480447860962567,0.08623327452783447
task328_jigsaw_toxic_language_detection,0.7477931904161412,0.3095975232198142,0.2811220052715905,0.693802132826523,0.3040652880870658,0.20880239372893647,0.849624060150376,0.07885507144034086,0.057328992847130444,0.8590982286634459,0.11306848320723639,0.12442262001503801
task329_gap_coreference_resolution,0.7591513996258251,0.15663757811094406,0.08997009509075243,0.6869895536562204,0.3688081927298949,0.22365733092630752,0.6536796536796537,0.4249466651356103,0.2828273091563601,0.7175572713995364,0.19353402383390964,0.1273642533728468
task333_hateeval_toxic_language_detection,0.34043632673769664,1.0220125786163523,0.391754431279561,0.7097387648883996,0.017810597022520573,0.14409722827964713,0.7171717171717171,0.19960747580177532,0.20883335860244728,0.72997299729973,0.046468657028315666,0.16598186066546988
task335_hateeval_toxic_language_detection,0.4579046354685252,0.6488813474107591,0.16101006912686722,0.46500709684463365,0.5294746103569634,0.1482347185566204,0.49919871794871795,0.12019230769230771,0.0599467931302991,0.4887218045112782,0.06214024071166935,0.009474791304733637
task337_hateeval_toxic_language_detection,0.8698828946051447,0.02560943534655791,0.03566215136967599,0.8597756410256411,0.01353710567344767,0.024621301238757,0.8698828946051447,0.09482412547239026,0.08803238018823445,0.8597756410256411,0.01353710567344767,0.018101389963208342
task340_winomt_gender_classification,0.8400000000000001,0.16420361247947454,0.24791696672420782,1.0,0.0,0.02142443270120814,0.9897698209718669,0.008707767328457001,0.08406276170518551,0.9294283697953423,0.06488691138301818,0.16736945816563598
task341_winomt_gender_classification,0.6693333333333333,0.3228353771832033,0.3374690811850857,0.7286704853783539,0.055979978925184436,0.17849484503139945,0.72997299729973,0.05378468563400074,0.07218133537875923,0.7033248081841432,0.1715420729505236,0.25241585758053026
task346_hybridqa_pos_tagging,0.45426195426195426,0.7524015769892832,0.4390420113151243,0.5109717868338558,0.6619413426255907,0.4098908992397582,0.5628946090335114,0.5799617552334944,0.3399567178040086,0.6338529134846741,0.24464263594698374,0.058386489383894624
task349_squad2.0_answerability_classification,0.8095238095238095,0.2506265664160401,0.20090926208817683,0.751984126984127,0.3289473684210526,0.23482696770741504,0.6162280701754386,0.5116959064327486,0.30675232888591286,0.8092245539221188,0.16722236995520276,0.11276623442823741
task350_winomt_gender_classification,0.6587715776796467,0.27998045773986246,0.16800616462220952,0.6600291403593979,0.41683891415185337,0.30761207450864636,0.7549019607843137,0.23796652568872487,0.24255993848080487,0.7647058823529411,0.015300945437365463,0.11020795423940555
task351_winomt_gender_classification,0.4543650793650794,0.6926406926406926,0.26309831160566477,0.48263118994826315,0.5565458506634977,0.14589201794335627,0.43576388888888884,0.6902356902356903,0.17646497906156838,0.5123975516132379,0.26110158185629884,0.12778025288184774
task353_casino_negotiation_strategy_detection,0.5251017639077341,0.5862068965517242,0.27867499803117374,0.4692770373864842,0.709090909090909,0.37909164373220916,0.50997150997151,0.6140350877192984,0.3002291297807549,0.7144022847817217,0.19444444444444448,0.10004913035937957
task355_casino_negotiation_strategy_detection,0.6353496353496353,0.4555794800676374,0.09434818128322894,0.6899689968996899,0.045671664368538395,0.07762721430721409,0.6807743795695603,0.3074837531053823,0.009169504789679733,0.6515679442508711,0.4047406484238782,0.05436099862069543
task356_casino_negotiation_strategy_detection,0.7178819444444444,0.3003003003003003,0.04209856999496239,0.7178819444444444,0.3003003003003003,0.059665749334430696,0.7178819444444444,0.3003003003003003,0.047027957179071045,0.7694235588972431,0.015161971683710808,0.13067147403854706
task357_casino_negotiation_strategy_detection,0.5098039215686275,0.6556245686680469,0.28714174863579744,0.4604553230688248,0.7553426676492263,0.2126601738941032,0.5384615384615384,0.6010883447165307,0.2635764303722845,0.7181964573268921,0.19234210055466094,0.08460973634918692
task359_casino_negotiation_strategy_detection,0.6124031007751938,0.2868390722730863,0.06804074121539827,0.6224786970121885,0.47710218324429476,0.22715077537291303,0.6427070197562001,0.3947544493509969,0.14348095034106184,0.6254681647940075,0.23545079747408132,0.03143999519124496
task361_spolin_dialogue_generation,0.6310763888888888,0.3655584346070095,0.24038235341283243,0.5634191176470589,0.522526255811243,0.3125404297849229,0.579242636746143,0.5356784423926134,0.3416837378158071,0.6547756041426928,0.25434849038628615,0.20225390661090953
task362_spolin_dialogue_act_recognition,0.7384663667747673,0.24038461538461542,0.044524405680689494,0.6956168831168831,0.13163919413919414,0.015780441476479057,0.7171717171717171,0.09904736467236464,0.03839864910315233,0.7699769976997699,0.0530719280719281,0.09387510873381893
task363_sst2_sentiment_analysis,0.8492613807657521,0.16339869281045752,0.17432038030370442,0.8899009108197378,0.04659031283359571,0.03231867834266877,0.7087692805522596,0.2917300862506342,0.21637447996674064,0.8799519807923168,0.10338896208461427,0.10672293139171352
task375_ddo_text_categorization,0.1825027685492802,2.644110331367518,0.5663110740332062,0.4824099615922924,0.6422832156773086,0.14936436160588734,0.5432723978919631,0.2857757706373574,0.24828719909798405,0.5959238893253033,0.2800007844432623,0.26590590019135507
task379_ag_news_text_categorization,0.10937500000000001,1.5464739353293544,0.682221597549969,0.6858663388268651,0.3918028456539373,0.17557801074461518,0.8160800346739292,0.21083153742494404,0.14272829135496845,0.6305555555555555,0.4462927883142485,0.28656630615907686
task382_hybridqa_pos_tagging,0.5380952380952381,0.647603781875508,0.47511342006897944,0.6554670747936169,0.5543976757486957,0.3824066633334448,0.6063421040432534,0.668457578355464,0.2721806362553625,0.3587094387094387,1.1391463413138996,0.34921400170178146
task383_matres_misc.,0.47916666666666663,0.7197723253757736,0.3219445407050941,0.4282744282744283,0.8184523809523808,0.3929550278009772,0.4282744282744283,0.8184523809523808,0.41022461305618746,0.6279454319966928,0.24163661858974356,0.021341577597301487
task384_social_iqa_question_understanding,0.8405103668261562,0.06727786900200695,0.04240444181184186,0.8666666666666667,0.1432980599647266,0.13998494987522714,0.8666666666666667,0.1432980599647266,0.09898856112883658,0.8095238095238095,0.044879062736205635,0.10111260526029478
task386_semeval_2018_task3_irony_detection,0.5805626598465473,0.35781544256120523,0.1662015580549299,0.5066495066495066,0.5873550317994762,0.28074215758422016,0.6175523349436394,0.23134571521668298,0.05038226059065709,0.6394230769230769,0.16414141414141414,0.017422880271026786
task387_semeval_2018_task3_irony_detection,0.4152138086564316,0.545721643231828,0.329113600449099,0.3885901332709843,0.6536068594554513,0.3301230529959448,0.4522678302090067,0.4864251949077903,0.2891516206638265,0.4462561034844185,0.4847093508347277,0.2774112722726469
task391_cod3s_cause_effect_classification,0.6239316239316239,0.42665460575908337,0.12426351368285318,0.5796553173602355,0.4713804713804714,0.06556085466904338,0.36862554638173867,0.9848484848484849,0.4387407602954957,0.6587715776796468,0.19283746556473835,0.018302142068876037
task392_cod3s_cause_effect_classification,0.7395833333333333,0.15597000066370206,0.1298436616456162,0.44821731748726656,0.7566204287515764,0.21123554426668645,0.2987377279102384,1.2295081967213113,0.4030384938005742,0.7291666666666667,0.05282710200742986,0.05923659107759205
task397_semeval_2018_task1_sentiment_analysis,0.7488808821923791,0.041410421329010155,0.017824361142289857,0.7380952380952381,0.19540989690243418,0.15384401725960326,0.7198879551820728,0.09014702328952998,0.0548526599340001,0.6862030569895738,0.20418329957590184,0.10454801019699844
task398_semeval_2018_task1_sentiment_analysis,0.7012867647058824,0.39039039039039036,0.30176946897826357,0.6053333333333334,0.5018438351771685,0.23350012986291574,0.7999999999999999,0.10101010101010097,0.017303742501335706,0.7477931904161412,0.19138755980861244,0.20567803139475876
task399_semeval_2018_task1_sentiment_analysis,0.33789698125911793,1.1087415627976316,0.3425057310964785,0.8205046985534791,0.03937652136559822,0.03541239918522396,0.8383838383838383,0.12834505618885927,0.1303808660642012,0.8286117552172598,0.13960766665984825,0.1423694859216677
task400_paws_text_matching,0.35064935064935066,0.9259259259259258,0.15769709342783367,0.6578099838969405,0.04147757770946178,0.00812690795303897,0.31506849315068497,1.0869565217391304,0.2844768010789622,0.6212121212121211,0.40745620455765386,0.03823198993328952
task420_persent_sentiment_analysis,0.3371330082065143,0.8051198205073372,0.3386342250380552,0.3713825161193582,0.52006880002584,0.20573068140331757,0.35036920751206463,0.6873615539326571,0.28173247392822565,0.33401413982717987,0.5141847309216409,0.2305497246711945
task421_persent_sentiment_analysis,0.47245252302460994,0.21900948921718214,0.17254007854349318,0.33634373289545705,0.7244848183599013,0.29680384763761314,0.2706657972904441,0.9016256244218545,0.27923616093744996,0.39800686337592306,0.422369890137041,0.2286881521794278
task456_matres_information_extraction,0.5164835164835164,0.6652945269016697,0.3054438009729946,0.4572591587516961,0.7851523476523476,0.36772453100256497,0.40910670837678137,0.8878876225815001,0.40448334249359474,0.7181964573268922,0.009018759018759022,0.05491690938168048
task457_matres_word_semantics,0.3695175438596491,0.9062253743104807,0.39470374729920255,0.39180970401405596,0.8704061895551257,0.339397001353166,0.3695175438596491,0.9062253743104807,0.40182034585065485,0.50995099509951,0.079895466817799,0.013372449910688644
task458_matres_word_semantics,0.4171928120446819,0.849050788954635,0.36996336879522207,0.37996031746031744,0.9214743589743589,0.41899285503097805,0.4171928120446819,0.849050788954635,0.37140411725403755,0.6124031007751939,0.266232423490488,0.0795108427874007
task462_qasper_question_understanding,0.5367132867132868,0.7299062833571703,0.23532802878765352,0.5912075841153855,0.5396876891373696,0.1822259966771173,0.5913451627737342,0.6048416535366282,0.18824566751590885,0.5984582668793195,0.5281581220367073,0.03719592176999331
task472_haspart_kb_entity_relation_classification,0.6547756041426928,0.41760892507161157,0.25202088937525,0.7159090909090908,0.2693602693602694,0.2044633517088041,0.7400000000000001,0.10101010101010098,0.0996398403183289,0.7171717171717171,0.24130190796857465,0.18746342388529366
task475_yelp_polarity_sentiment_analysis,0.9397832195905259,0.043847326164508336,0.002418833588617275,0.9499549594635173,0.05159958720330237,0.12739998476511782,0.9396135265700483,0.06513243595310467,0.06289461948653985,0.9396135265700483,0.06513243595310467,0.027999532778375802
task476_cls_sentiment_analysis,0.9299369432489242,0.05227897610657166,0.008383033989183636,0.9198717948717947,0.06350366233449897,0.034873845027037415,0.7057587221521647,0.2856698234849495,0.2574667836023396,0.9299369432489242,0.05227897610657166,0.003281997165234446
task477_cls_sentiment_analysis,0.9698522761531505,0.007885518867141493,0.02336611953864745,0.949874686716792,0.027544707178574462,0.08254744968661995,0.919967987194878,0.058636140866764705,0.14910533144179325,0.9698522761531505,0.007885518867141493,0.03558117873783723
task478_cls_sentiment_analysis,0.9476932733549535,0.02192982456140349,0.009953086478264012,0.9583333333333334,0.008680555555555584,0.03665609707943024,0.9586606035551881,0.013020833333333346,0.17598645438482463,0.9476932733549535,0.02192982456140349,0.0022103921243646074
task493_amazon_polarity_sentiment_analysis,0.926090169992609,0.06956575853347383,0.06665587979764587,0.9267705826969348,0.04734027657389749,0.055132220089636835,0.9586606035551881,0.007751136833402244,0.013577768204833973,0.9369482976040353,0.05585216328182037,0.06423527844804167
task494_amazon_polarity_sentiment_analysis,0.9287966636150952,0.06272401433691757,0.00485200602907393,0.9287966636150952,0.06272401433691757,0.017377053060610603,0.9388004895960833,0.05319148936170212,0.023916302705666803,0.9287966636150952,0.06272401433691757,0.011298798408384991
task495_semeval_2020_task_7_text_categorization,0.3333333333333333,1.0,0.2538303010536187,0.3333333333333333,1.0,0.37528240705311283,0.4650070968446337,0.5686274509803922,0.045464854878534466,0.5647332725984411,0.19298245614035092,0.0012676311734935441
task496_semeval_2020_task_7_text_categorization,1.0,0.0,0.024364912644195547,1.0,0.0,0.029139246864961554,1.0,0.0,0.03468442002048558,1.0,0.0,0.034367435096583965
task498_scruples_ethics_classification,0.109375,1.4931472479042045,0.3132489305713322,0.09371523915461624,2.254036723842871,0.4321424769872466,0.1996042073302971,0.5832484311149486,0.04568734585212242,0.1848532595988655,0.7341548950462695,0.025077235782932777
task502_scruples_ethics_classification,0.5305164319248826,0.41290093921672877,0.16634652019778962,0.570999570999571,0.3367003367003368,0.09203375233042885,0.40476190476190477,0.7536907536907536,0.32790895469167025,0.5098039215686274,0.4761904761904762,0.21692612416694967
task503_scruples_ethics_classification,0.4766505636070854,0.7123198963898334,0.14369887520023922,0.4117647058823529,0.7042253521126761,0.34587206400597403,0.40828402366863903,0.7042253521126761,0.24151794689060518,0.596774193548387,0.039950492722743584,0.01392091709225135
task508_scruples_ethics_classification,0.4479205005520795,0.6219700101469428,0.19262158873776453,0.5452666391070691,0.14616429457272778,0.02587847883311012,0.516452411841019,0.497123758942272,0.1752449349449845,0.5463252343986289,0.016911571272877648,0.06880018887301279
task512_emotion_sentiment_analysis,0.37850425217649936,0.7725032180279331,0.34372311106986975,0.5356169764564546,0.2401976270633061,0.0957565806614673,0.4476517611639525,0.4341673970162699,0.16044207543668826,0.4472241660166108,0.3104827353154611,0.19534388263683378
task517_emo_sentiment_analysis,0.7490816356707704,0.180246744461277,0.08147032868475665,0.7269187250228706,0.2898442066043117,0.13698540326575487,0.7256410256410257,0.30958601041067185,0.19317110070019586,0.7409483385178941,0.16628578343497497,0.08950717042099675
task520_aquamuse_answerability_classification,0.9592003263973888,0.005949952400380784,0.011145753725517626,0.9693094629156009,0.01493183930817209,0.01944947490825208,0.7738579828132067,0.29069767441860467,0.25176130749920045,0.9693094629156009,0.01493183930817209,0.023010963146442187
task521_qanta_text_categorization,0.7870941824133314,0.25784227570728807,0.17086849103993768,0.8225886965600117,0.2592884863131032,0.04846565109650179,0.8245279698302955,0.2592884863131032,0.07633497836803808,0.8360843054082714,0.2551809012665953,0.08704607096177161
task564_discofuse_discourse_relation_classification,0.023055375996552465,2.630536966624092,0.2397568252875495,0.06047724205618943,4.031587556391659,0.1269357692770262,0.09359598090248245,3.0009815601852083,0.0628916295230958,0.14047328545212065,1.250342488820394,0.025574135759552592
task566_circa_text_matching,0.7277951406391773,0.19418937227156405,0.1259844507211905,0.8166325099773487,0.027803521779425362,0.0031714605144367303,0.7571636716852841,0.24725274725274726,0.18076320843986893,0.7897997566102444,0.09089675756342425,0.06341797397446275
task573_air_dialogue_intent_identification,0.6722648616500042,0.6206257931417464,0.23985892545331022,0.6623930342521047,0.29679988371206484,0.2382037972425966,0.7926779203049625,0.13853785103895244,0.07980345123185521,0.5782584994913762,0.4730779244723921,0.31230424294548886
task575_air_dialogue_speaker_identification,0.862738887129131,0.14647708613225852,0.18800095909656211,0.7512437810945274,0.3205128205128205,0.29437147783125517,0.908452853219408,0.02319109461966607,0.017322691207317664,0.875,0.1088400236127509,0.14806863745379786
task577_curiosity_dialogs_speaker_identification,0.7286295793758479,0.3508771929824561,0.24738503672911438,0.74189204354169,0.33189033189033185,0.24198215754345015,0.7925537722458783,0.2606310013717421,0.18860556489407718,0.74189204354169,0.33189033189033185,0.24236428681126168
task579_social_iqa_answer_verification,0.5538956323270049,0.2549651100375738,0.05542320426110073,0.554367201426025,0.45625335480407947,0.15423876616790477,0.38666666666666666,0.8513747241605534,0.3107409147067303,0.3922393641888733,0.8772812667740205,0.13246069798703292
task580_social_iqa_question_answering,0.7287337662337663,0.022550280519213838,0.10750396546062503,0.769489671135463,0.09001724098389,0.11880468070867385,0.7686408576425704,0.048273341264677555,0.08228172385549007,0.7496656986560409,0.0242344222486363,0.11255629225288992
task585_prepositional_paraprasing_preposition_prediction,0.41509052564311855,0.5221449403406271,0.31671078592635216,0.35160363515626675,0.6867593239355906,0.41684546216121554,0.34017860518351756,0.7997171687025878,0.10034949059435883,0.35438166333499915,0.731587988022613,0.24917402103099437
task586_amazon_fine_food_reviews_sentiment_analysis,1.0,0.0,0.07773726977295142,1.0,0.0,0.057615266246547364,0.98999899989999,0.009902951079421688,0.1412638231342056,1.0,0.0,0.0743750112642417
task587_amazon_fine_food_reviews_sentiment_analysis,0.8993558776167472,0.06891645547107732,0.07212980159281596,0.8891017239641092,0.0811560579287895,0.07297651315854506,0.9197109594540346,0.04523548549854727,0.05795910607992408,0.8993558776167472,0.06891645547107732,0.06950597360695399
task588_amazon_fine_food_reviews_sentiment_analysis,0.6819074960127592,0.2249200218827848,0.1812527614222063,0.5650924883510022,0.39852049679280177,0.24863971818078973,0.6483543320007058,0.28692326364625637,0.19705983069591673,0.6238469931152858,0.2766990276409905,0.1576566113400481
task590_amazon_fine_food_reviews_text_matching,0.6553308823529411,0.4184704184704185,0.2754816652076485,0.6695156695156697,0.3969270166453265,0.24137008139001528,0.6553308823529411,0.4184704184704185,0.2668292731889663,0.6833715471121302,0.31156636790439607,0.17288558923881078
task607_sbic_toxic_language_detection,0.6486151302190988,0.1939686722295418,0.04209862557564259,0.5180111618467783,0.6661991584852734,0.3714295803377563,0.6386993175431555,0.013838566827697237,0.01595708387110456,0.648,0.295022472180162,0.106282795828405
task608_sbic_toxic_language_detection,0.43639291465378416,0.2426918725593957,0.07897971348630056,0.42210166293194956,0.707251989515196,0.36915364543991075,0.45999999999999996,0.06021678040947407,0.007429780734451552,0.4578005115089514,0.3805188038641237,0.1121449271299686
task609_sbic_toxic_language_detection,0.6897207486738065,0.18549993603450482,0.039214899163150685,0.6491228070175439,0.312025091344133,0.15481187227564666,0.6897207486738065,0.18549993603450482,0.03435304683681961,0.6779388083735911,0.10755878644017507,0.01164789813353248
task616_cola_text_quality_evaluation,0.2125984251968504,1.8518518518518516,0.3874183445389353,0.7767857142857143,0.09714024080880078,0.16946955254867713,0.46013289036544847,0.6506506506506506,0.48061701563183334,0.568922305764411,0.4721977444880593,0.18815733709999813
task621_ohsumed_information_extraction,0.8391544117647058,0.10852713178294572,0.013656620191934143,0.8391544117647058,0.10852713178294572,0.003384047667536305,0.8391544117647058,0.10852713178294572,0.002014806967757382,0.8391544117647058,0.10852713178294572,0.021977606337024475
task623_ohsumed_keyword_tagging,0.8139727159983464,0.21951219512195122,0.05643138815610882,0.7453310696095077,0.3157894736842105,0.1655733340017278,0.8139727159983464,0.21951219512195122,0.05186304378802542,0.8357963875205254,0.19047619047619047,0.008907867819404058
task629_dbpedia_14_text_categorization,0.7714476408412335,0.3644819615601321,0.313092242873907,0.7375283446712019,0.429973168383595,0.1257487225693051,0.8126932591218307,0.3176395277663613,0.1013944868106705,0.7505849708304374,0.37656686660957706,0.16775946205093353
task630_dbpedia_14_text_matching,1.0,0.0,0.021104128895871765,0.9894414528560869,0.012950012950012963,0.041958106158157704,1.0,0.0,0.004154739358363246,1.0,0.0,0.019643456027027245
task632_dbpedia_14_text_categorization,0.9197109594540345,0.08525149190110827,0.07447224630462415,0.7241086587436332,0.3444621091679915,0.2566552909640662,0.3503118503118503,0.9803921568627452,0.41971493768247115,0.9197109594540345,0.08525149190110827,0.05926376181858409
task633_dbpedia_14_text_categorization,0.9513741154586892,0.05898348853869286,0.01622399269797717,0.962046783625731,0.06251861696682837,0.04464737258789228,0.9513741154586892,0.05898348853869286,0.03752040822633823,0.9513741154586892,0.05898348853869286,0.1694400197916539
task638_multi_woz_v22_speaker_identification,0.4773333333333333,0.41283824318777435,0.04419507544151369,0.45422716507053856,0.4445472299311337,0.08299448047767849,0.36680235187697874,0.8582198799590104,0.17935889083315093,0.4663382594417077,0.25496511003757377,0.0031232564600864876
task673_google_wellformed_query_question_understanding,0.43577829405907736,0.763649615690432,0.3894077567346881,0.47147017581706396,0.658899923605806,0.3109012313845278,0.3749262884774148,0.9636639955788893,0.47667671359852193,0.47147017581706396,0.658899923605806,0.31948367506402775
task679_hope_edi_text_categorization,0.6994831109508355,0.32541029994340687,0.2660800263914336,0.728670485378354,0.15291764541712216,0.06919211551541984,0.6798719487795117,0.28587835813442525,0.17781740653952738,0.7333333333333334,0.0990379173740803,0.15886775245391282
task681_hope_edi_text_categorization,0.2132047676443016,1.2382958606834045,0.3512849284895465,0.3504819988195947,0.9409841939736102,0.16390061626611915,0.4928003875968992,0.4398837037143382,0.1704140529885487,0.47968585024371196,0.29477658225375636,0.16903273836562055
task682_opp_115_text_categorization,0.7228211521124807,0.4040089161989137,0.32710347211976576,0.9147760961148386,0.14393257293700945,0.08868986560673278,0.9191264563439948,0.11964698159310448,0.10584612090481335,0.8439911138053553,0.196066746227417,0.22623501085956832
task683_opp_115_information_extraction,0.5602077001013172,0.5424722910396318,0.3993499788471189,0.690207023798355,0.4322713710375151,0.29726747230643896,0.6089721948891075,0.5051652376108129,0.29175425374686087,0.6518318814987941,0.46140923226251285,0.2203121261815028
task738_perspectrum_textual_entailment,0.34210526315789475,0.9615384615384615,0.428959939217912,0.8291628982011858,0.12453660797034294,0.013861104535037833,0.8181818181818181,0.16221075672295188,0.0546015799573715,0.8108448928121059,0.22865853658536586,0.26429848629480857
task744_eurlex_text_categorization,0.9503663003663004,0.040927146913670484,0.03950046687697012,0.9479088015397142,0.05907324821942754,0.049716878605434445,0.9711908602354106,0.020102549991576592,0.05874757654732951,0.9503663003663004,0.040927146913670484,0.03719442605748552
task746_yelp_restaurant_review_sentiment_analysis,1.0,0.0,0.0031139893110918027,0.9691071980228607,0.03596259889714697,0.07266006839460395,0.9898280948021565,0.008860535176324678,0.005649196344499785,1.0,0.0,0.0029155692062808602
task767_craigslist_bargains_text_categorization,0.8969967346404127,0.11648893133706267,0.1879032848683319,0.9499531696736666,0.04011982604907802,0.10537205757152716,0.9286576949620429,0.06545442463151752,0.11572947982564119,0.9193644692344812,0.0561581117022477,0.18011033990815314
task827_copa_cause_effect_classification,0.9279167953866748,0.023394600702720838,0.09181473996175102,0.904973075704783,0.09518396217903605,0.037615998088941116,0.9279167953866748,0.023394600702720838,0.08124877252431034,0.9178981937602627,0.01427857499821516,0.12217903459610269
task828_copa_cause_effect_classification,0.78997899789979,0.07292074252117754,0.06639598925032086,0.7159090909090908,0.2274856148802355,0.1950375159449194,0.6923076923076923,0.35795530576742945,0.26996919523171714,0.7899789978997901,0.04751281829777066,0.03377560429844578
task834_mathmatics_dataset_question_understanding,0.7397700711986427,0.2775818258895277,0.07853780204903553,0.7383324773155282,0.3239450942366997,0.11377864065360976,0.7771442495126706,0.2970801306485675,0.06053024371837547,0.789774077500257,0.16174409238204487,0.03813320347625128
task843_financial_phrasebank_sentiment_analysis,0.8944330523277891,0.018603798445443125,0.09446930953550131,0.695963185711682,0.4785444861086901,0.17619951446816584,0.7864012289820913,0.24922792693146154,0.1347333925160631,0.8923340748980348,0.03666391715068121,0.14380658086603937
task844_financial_phrasebank_sentiment_analysis,0.8090644156366195,0.14694876865357265,0.056573470852845587,0.7057587221521648,0.3668763102725367,0.22812360397316533,0.8197115384615383,0.10917351244969699,0.011242374717541748,0.8197115384615383,0.10917351244969699,0.011344996570456206
task846_pubmed_qa_answer_verification,0.9199679871948778,0.04175583276788975,0.12084853710896773,0.9099189270343309,0.052988228258336253,0.14118768577799257,0.32885906040268453,1.0204081632653061,0.39281460147224245,0.9099189270343309,0.012972221855775248,0.04711485064755594
task848_pubmed_qa_intent_identification,0.40476190476190477,0.7612179487179487,0.3375404965664365,0.39851397570468217,0.7571297749869179,0.31911048024036803,0.39601139601139596,0.705810147299509,0.24849883321760433,0.5073891625615764,0.2681213017751479,0.0242160771624782
task875_emotion_sentiment_analysis,0.43150376359870685,0.5611075275294274,0.34590037237163707,0.4824072946408837,0.3422272302380641,0.21662697636229972,0.49780860069493177,0.2964196093611817,0.2465697151877031,0.50030952760508,0.47205151264378964,0.22045631933995458
task879_schema_guided_dstc8_dialogue_act_recognition,0.6656239887822242,0.4319955406911929,0.2778387935757959,0.6656239887822242,0.4319955406911929,0.31568092282078186,0.6693333333333333,0.40296358231140844,0.24249963186617995,0.7631551848419318,0.2611971361971362,0.13895872033900278
task880_schema_guided_dstc8_dialogue_act_recognition,0.17373737373737375,1.5704961418252161,0.4460383950303614,0.4118095238095238,0.6113202217076399,0.21914797315350132,0.49734261879776553,0.46380365472284724,0.19125906054259392,0.4736955534142961,0.29562019668246664,0.14390384709145032
task881_schema_guided_dstc8_text_categorization,0.7193627450980392,0.46145528932660346,0.3258609803383496,0.7669256381798003,0.4411764705882353,0.19798440308017806,0.8503401360544217,0.30898876404494385,0.14592448837665828,0.9777206320810972,0.02753789908867791,0.18763247181726075
task888_rotten_tomatoe_sentiment_analysis,0.9194847020933977,0.007001330252748053,0.04733995696463475,0.9194847020933977,0.007001330252748053,0.05372301325537332,0.898989898989899,0.03131150474145645,0.10157796633472035,0.9194847020933977,0.007001330252748053,0.06546559068542096
task889_go_emotions_sentiment_analysis,0.7271596923998801,0.2377933240809052,0.14545420829319033,0.4969293563579278,0.6120018391158399,0.3471767760729335,0.6172115394870155,0.3150915016002721,0.20505311075904653,0.6992776765619977,0.20540507421771356,0.1485225861681263
task902_deceptive_opinion_spam_dataset_sentiment_analysis,1.0,0.0,0.022903132725918735,0.9899507587177169,0.009352787130564894,0.004554101933795546,0.9899507587177169,0.009352787130564894,0.0024021701723717925,1.0,0.0,0.022890711504090083
task903_deceptive_opinion_spam_dataset_sentiment_analysis,0.9699248120300752,0.011564895585514101,0.03684010490405143,0.9598554797270173,0.02253605769230767,0.06647601232210854,0.9699248120300752,0.011564895585514101,0.0012543291622795216,0.9699248120300752,0.011564895585514101,0.03317368522255906
task904_hate_speech_offensive_toxic_language_detection,0.4085279156707728,0.8648397712922354,0.35641844910088494,0.5629623158017357,0.35313775876712633,0.2820693501058249,0.7096271586634818,0.12499002803199598,0.08056806881327505,0.6802827965435978,0.21741406029534877,0.12266586443564903
task905_hate_speech_offensive_toxic_language_detection,0.6843127731908694,0.4182754182754183,0.21103768972049733,0.6904761904761905,0.3905383215728043,0.1732521418877242,0.7549019607843137,0.2568312913140499,0.10357874514046839,0.7477931904161412,0.13287529167746953,0.035216373851227
task909_dialogre_speaker_identification,0.20092307692307693,1.162696003425988,0.20486277122256083,0.34733854148115606,1.029255881411307,0.1880299020314981,0.41953182024762087,0.5842213983141014,0.08023580214188698,0.31275666229794674,0.7816404304827516,0.07041391410622495
task923_event2mind_sentiment_analysis,0.38591889039650235,0.05987086580965655,0.06309104922248554,0.40720893141945774,0.41133719242686534,0.26061180844939563,0.43546719907112413,0.21328551226177722,0.16284643999450055,0.41380804953560374,0.11459340270659019,0.11402690515440261
task925_coached_conv_pref_speaker_identification,0.40476190476190477,0.7246376811594203,0.10829020516292664,0.25274725274725274,1.539855072463768,0.3183141507536207,0.2684790916038869,1.471234079929732,0.2527276137665624,0.5481404240528328,0.26479356831367507,0.014160538245506393
task929_generated_reviews_enth_sentiment_analysis,0.8572011423908609,0.12298747763864044,0.00910012028808016,0.8579545454545454,0.09969439475253426,0.023350159184886615,0.86,0.040064102564102616,0.10339987103362497,0.8572011423908609,0.12298747763864044,0.005864885128953612
task935_defeasible_nli_atomic_textual_entailment,0.7497747973175859,0.08012820512820513,0.01548137546689557,0.7175436761167486,0.24806814190375837,0.17661877739757867,0.7777777777777779,0.08834648257725178,0.11496371948460715,0.7599039615846339,0.013706140350877217,0.024350822355070773
task936_defeasible_nli_atomic_textual_entailment,0.742559983523839,0.1279461279461279,0.1334904075633397,0.6553308823529411,0.4184704184704185,0.3077879865366061,0.6961805555555556,0.29180695847362514,0.264149869319955,0.742559983523839,0.1279461279461279,0.12873842860548812
task937_defeasible_nli_atomic_textual_entailment,0.7874278773155178,0.0596220876903321,0.018643459279833796,0.6216897856242118,0.4264794685990339,0.26770069308850597,0.6940024479804161,0.28180354267310787,0.24333842824235763,0.7874278773155178,0.0596220876903321,0.014137856083964812
